synthetic_indicator_one_min,synthetic_indicator_one_max,synthetic_indicator_one_relLen,synthetic_indicator_nd_min,synthetic_indicator_nd_max,synthetic_indicator_nd_relLen,relative_profit,number_of_datapoints,is_empty
199.49494949494945,366.1616161616161,0.16,-394.4444444444444,-272.2222222222223,0.12,-0.0547895946660184,9,False
-416.16161616161617,-260.6060606060606,0.16,-430.8080808080808,-175.2525252525253,0.22,0.10853860140738078,23,False
310.10101010101005,487.87878787878776,0.16,-86.86868686868692,-64.6464646464647,0.02,-0.011424861831707534,2,False
231.31313131313124,364.6464646464646,0.14,-463.13131313131316,-385.35353535353534,0.06,-0.0025025041862327185,8,False
286.3636363636364,319.69696969696963,0.04,-242.42424242424246,-131.31313131313132,0.1,-0.132386311609991,3,False
-17.171717171717198,249.49494949494942,0.18,143.9393939393939,199.4949494949494,0.06,0.1282955931928287,12,False
-29.797979797979835,70.20202020202014,0.08,248.98989898989893,437.87878787878776,0.16,0.00541673062925189,5,False
-277.77777777777777,-55.55555555555561,0.18,121.71717171717167,221.71717171717165,0.1,-0.046052363739184914,12,False
166.1616161616161,399.4949494949494,0.22,-187.37373737373738,-176.26262626262633,0.02,-0.10614092332866343,3,False
-467.1717171717172,-300.5050505050506,0.18,135.85858585858583,369.19191919191917,0.22,0.00483493536017113,20,False
-485.85858585858585,-352.52525252525254,0.16,-390.90909090909093,-124.24242424242425,0.24,0.053506508935746794,24,False
111.6161616161616,211.61616161616155,0.06,-18.68686868686872,59.09090909090907,0.08,0.05394891463428978,3,False
-348.4848484848485,-126.26262626262627,0.2,-315.6565656565657,-148.98989898989902,0.14,0.05523036640783709,20,False
54.04040404040398,309.59595959595947,0.2,109.09090909090908,264.64646464646455,0.16,0.1392269027819469,20,False
-476.26262626262627,-331.8181818181818,0.16,68.68686868686868,224.2424242424242,0.16,0.0012614296325303591,11,False
234.84848484848476,290.4040404040404,0.06,-390.9090909090909,-346.4646464646465,0.04,,0,False
-238.38383838383842,6.060606060606032,0.2,-95.95959595959602,126.26262626262626,0.2,-0.08343230404614284,34,False
123.73737373737376,401.51515151515144,0.24,355.050505050505,432.8282828282827,0.06,0.0005240091124511027,10,False
-450.0,-216.6666666666667,0.24,68.68686868686868,224.2424242424242,0.16,0.0008811502395592152,22,False
383.33333333333326,505.55555555555554,0.1,205.55555555555551,461.111111111111,0.22,4.160378087681339e-05,12,False
284.34343434343435,362.12121212121207,0.08,-167.17171717171718,66.16161616161614,0.2,-0.025558599987593272,9,False
-444.4444444444444,-333.33333333333337,0.12,-95.95959595959602,126.26262626262626,0.2,0.00013754109421193752,14,False
-36.86868686868691,218.68686868686862,0.18,-467.1717171717172,-300.5050505050506,0.16,-0.001809404716978918,14,False
-469.1919191919192,-258.0808080808081,0.22,125.2525252525252,147.47474747474743,0.02,0.0016966028355926118,6,False
357.07070707070704,390.4040404040403,0.04,-190.90909090909093,-102.02020202020202,0.08,-0.03206348201031743,2,False
-161.61616161616163,-50.50505050505055,0.1,-246.969696969697,-35.8585858585859,0.18,-0.007053045170578114,7,False
-488.3838383838384,-299.49494949494954,0.22,-470.7070707070707,-226.2626262626263,0.22,0.05251541604000899,35,False
-417.1717171717172,-239.39393939393943,0.18,74.74747474747474,96.96969696969695,0.02,-0.0024960896869846393,3,False
-474.24242424242425,-374.24242424242425,0.1,-269.69696969696975,-3.030303030303063,0.22,0.007253471729403717,10,False
437.37373737373736,481.8181818181817,0.04,-162.12121212121212,-39.89898989898994,0.1,-0.001477597187945238,1,False
-483.3333333333333,-405.5555555555556,0.1,272.7272727272726,383.8383838383839,0.1,0.00012846026308385003,7,False
-238.38383838383842,6.060606060606032,0.2,-183.33333333333337,-38.88888888888893,0.12,-0.0031865527877972285,16,False
-147.97979797979798,107.57575757575756,0.2,247.97979797979792,459.09090909090895,0.18,0.010683550222938116,25,False
-167.6767676767677,76.7676767676767,0.2,73.23232323232322,128.78787878787873,0.06,-0.17178934682864935,7,False
-108.08080808080808,-63.63636363636368,0.04,-160.1010101010101,-82.32323232323238,0.06,,0,False
-463.6363636363637,-374.74747474747477,0.08,194.94949494949486,239.39393939393932,0.04,0.0014163389705583755,3,False
82.82828282828281,371.71717171717165,0.24,-198.98989898989902,67.67676767676765,0.24,-0.007867702494138049,40,False
-343.93939393939394,-221.71717171717177,0.12,-320.2020202020202,-275.7575757575758,0.04,0.23848843731428643,1,False
-118.18181818181819,148.4848484848485,0.22,-398.98989898989896,-176.7676767676768,0.2,0.001210158256769797,17,False
256.060606060606,289.3939393939394,0.04,-53.53535353535358,124.24242424242424,0.16,0.025886177612235606,4,False
-293.4343434343434,-171.21212121212127,0.1,-324.74747474747477,-180.30303030303034,0.12,0.06189598519508319,5,False
294.9494949494948,361.6161616161616,0.06,187.8787878787878,387.87878787878793,0.18,0.004695622011514941,7,False
-342.92929292929296,-242.92929292929298,0.1,54.545454545454525,76.76767676767676,0.02,-0.001273173647467357,2,False
-217.1717171717172,5.050505050505022,0.18,-117.67676767676768,137.87878787878782,0.24,-0.09296460603169512,33,False
-415.1515151515152,-281.8181818181818,0.14,-198.98989898989902,67.67676767676765,0.24,0.011560259560473504,21,False
172.22222222222214,272.22222222222223,0.08,-19.69696969696973,80.3030303030303,0.1,0.04523193494808788,8,False
107.07070707070707,307.07070707070693,0.16,104.54545454545453,360.10101010101,0.24,0.11684366935165612,24,False
-278.2828282828283,-44.949494949495,0.2,-25.75757575757579,207.57575757575748,0.24,-0.09227445373299058,33,False
-214.64646464646466,-47.97979797979802,0.14,311.61616161616155,456.06060606060595,0.12,0.012282961898199565,12,False
-112.12121212121212,21.212121212121186,0.12,345.95959595959584,401.51515151515144,0.06,0.0030099236593323585,3,False
201.51515151515147,323.7373737373737,0.12,290.4040404040403,457.07070707070693,0.14,1.2739212671066226e-05,3,False
199.49494949494945,366.1616161616161,0.16,235.35353535353528,279.7979797979797,0.04,0.011222760499762195,1,False
-415.1515151515152,-281.8181818181818,0.14,155.05050505050502,410.6060606060605,0.22,0.006491481238275719,19,False
258.0808080808081,469.1919191919192,0.2,267.17171717171703,500.50505050505035,0.2,0.0008376648869434395,23,False
-67.17171717171722,188.3838383838383,0.18,-431.3131313131313,-164.6464646464647,0.24,-0.003949290402271213,19,False
-316.66666666666674,-127.77777777777779,0.16,-482.8282828282828,-416.16161616161617,0.06,0.020223310780491076,10,False
-268.68686868686865,-246.4646464646465,0.02,-185.3535353535354,3.535353535353506,0.16,0.020367111299976787,5,False
168.68686868686862,346.4646464646465,0.16,-208.0808080808081,-185.85858585858588,0.02,-0.11881862875815688,4,False
-109.59595959595958,190.40404040404033,0.22,-430.8080808080808,-175.2525252525253,0.22,-0.002341866843224953,23,False
103.53535353535352,381.31313131313124,0.24,-488.3838383838384,-299.49494949494954,0.18,-0.009797465575380344,28,False
-481.8181818181818,-437.37373737373736,0.06,-488.3838383838384,-299.49494949494954,0.18,0.00668309742407655,11,False
-249.49494949494954,-205.05050505050508,0.04,-19.69696969696973,80.3030303030303,0.1,-0.027443085982970416,3,False
1.5151515151514872,301.5151515151515,0.22,-490.9090909090909,-246.4646464646465,0.22,-0.01839837311511513,31,False
197.97979797979792,397.97979797979787,0.2,13.131313131313105,57.57575757575756,0.04,0.0187566537894952,7,False
-299.4949494949495,-43.93939393939399,0.22,-390.9090909090909,-346.4646464646465,0.04,0.08439251218639891,7,False
-465.6565656565657,-332.32323232323233,0.14,-320.20202020202026,-53.53535353535358,0.22,0.05761545874271722,19,False
-488.3838383838384,-299.49494949494954,0.22,-89.39393939393945,-11.61616161616165,0.06,0.00022516513593976605,8,False
-70.20202020202025,252.02020202020194,0.22,-68.68686868686873,-2.020202020202049,0.06,-0.006264879531439496,8,False
-413.6363636363637,-313.6363636363636,0.1,-86.86868686868692,-64.6464646464647,0.02,0.0004612538866090474,3,False
-110.1010101010101,-21.212121212121254,0.08,140.90909090909088,263.13131313131305,0.12,-0.08572766511627733,4,False
436.3636363636364,503.030303030303,0.06,90.90909090909089,202.02020202020194,0.12,2.854593872839345e-06,6,False
-364.14141414141415,-241.91919191919197,0.12,146.46464646464636,368.68686868686865,0.2,0.022568083708319038,13,False
-77.77777777777783,188.88888888888883,0.2,-315.6565656565657,-148.98989898989902,0.14,-0.005629538993284235,9,False
91.9191919191919,180.80808080808075,0.06,267.17171717171703,500.50505050505035,0.2,0.017169424047324123,12,False
-412.62626262626264,-334.8484848484849,0.08,-157.5757575757576,-135.35353535353536,0.02,0.008929324419562708,1,False
353.53535353535347,464.6464646464647,0.1,125.2525252525252,147.47474747474743,0.02,0.00034425025302514174,1,False
-106.56565656565655,126.76767676767676,0.18,48.48484848484847,204.04040404040396,0.16,-0.047247140674577415,21,False
-101.5151515151515,20.707070707070677,0.1,-329.7979797979798,-74.24242424242429,0.22,-0.0006577189853016741,13,False
407.57575757575745,440.9090909090909,0.02,-165.15151515151516,23.737373737373712,0.16,-0.0032086197867495525,2,False
-411.11111111111114,-366.66666666666663,0.04,425.75757575757564,503.5353535353535,0.08,2.5390164359358767e-05,3,False
37.3737373737373,215.1515151515151,0.12,-288.38383838383845,-55.050505050505095,0.2,-0.008905177903556303,14,False
107.57575757575756,296.4646464646465,0.14,-263.6363636363637,-130.3030303030303,0.12,-0.07721030600718856,10,False
-364.14141414141415,-241.91919191919197,0.12,-330.80808080808083,-53.03030303030308,0.24,0.06864738879440359,22,False
-280.8080808080808,8.08080808080805,0.24,-191.91919191919195,-80.80808080808086,0.1,0.011742412305790354,16,False
-63.13131313131318,103.53535353535352,0.12,193.93939393939385,260.6060606060605,0.06,0.011524831646750784,5,False
-442.4242424242424,-375.7575757575758,0.06,-334.3434343434344,-201.01010101010104,0.12,0.06290739634964528,5,False
316.1616161616161,360.60606060606057,0.04,-23.232323232323267,154.5454545454545,0.18,0.001467410787676433,4,False
294.9494949494948,361.6161616161616,0.06,29.292929292929273,162.62626262626253,0.14,0.014796454956679046,2,False
205.55555555555551,238.8888888888888,0.02,288.3838383838383,499.4949494949493,0.18,,0,False
-291.9191919191919,-203.03030303030306,0.08,-387.3737373737374,-198.48484848484853,0.16,0.13691120918357344,3,False
33.33333333333326,300.0,0.2,-463.6363636363637,-374.74747474747477,0.08,-0.0016585777297988913,13,False
-185.3535353535354,3.535353535353506,0.16,191.91919191919183,303.0303030303029,0.1,0.010994802691056276,5,False
203.03030303030297,291.9191919191919,0.08,-198.98989898989902,67.67676767676765,0.24,-0.009734382537688248,16,False
-318.68686868686876,-85.35353535353534,0.2,134.84848484848482,390.4040404040404,0.24,0.007143189419407947,35,False
-72.22222222222227,72.22222222222216,0.12,-213.13131313131316,-79.79797979797985,0.12,-0.0012371551370518354,7,False
-11.111111111111143,122.22222222222221,0.1,-445.45454545454544,-312.1212121212121,0.12,-0.0001544747862112073,6,False
-147.97979797979798,107.57575757575756,0.2,-190.90909090909093,-102.02020202020202,0.08,-0.0004668689257778258,7,False
-339.8989898989899,-306.56565656565664,0.04,-321.21212121212125,-32.32323232323236,0.24,0.06125270669335065,7,False
357.07070707070704,390.4040404040403,0.04,-8.080808080808112,58.58585858585857,0.06,0.0001337709867403623,4,False
-443.4343434343434,-354.54545454545456,0.1,111.1111111111111,222.22222222222217,0.12,0.0018899506322266415,7,False
13.636363636363612,46.9696969696969,0.02,-167.17171717171718,66.16161616161614,0.2,-0.0011383965737861452,3,False
-385.3535353535354,-240.90909090909096,0.16,-423.73737373737373,-323.7373737373738,0.08,0.13998146327927424,6,False
366.6666666666666,411.111111111111,0.04,-70.70707070707076,40.40404040404038,0.1,-0.0022706063683362292,3,False
-26.262626262626302,-4.04040404040407,0.02,428.2828282828282,450.50505050505035,0.02,4.35330869294699e-05,1,False
-480.3030303030303,-469.19191919191917,0.02,-212.12121212121215,-101.01010101010101,0.1,0.00023297782741153516,1,False
-278.2828282828283,-44.949494949495,0.2,-428.28282828282823,-228.28282828282832,0.18,0.04000008743400211,15,False
-488.3838383838384,-299.49494949494954,0.22,-449.4949494949495,-227.2727272727273,0.2,0.058196974748931825,31,False
331.31313131313135,486.8686868686867,0.14,121.71717171717167,221.71717171717165,0.1,0.0013784824663172189,6,False
252.02020202020196,374.24242424242414,0.14,125.2525252525252,147.47474747474743,0.02,,0,False
171.21212121212113,293.4343434343434,0.1,447.47474747474735,491.91919191919175,0.04,9.770514330735348e-06,3,False
-379.7979797979798,-357.5757575757576,0.04,-394.4444444444444,-272.2222222222223,0.12,0.13691474633806858,5,False
-182.82828282828288,-49.49494949494954,0.12,115.65656565656565,126.76767676767672,0.02,-0.22454314364497194,1,False
-26.262626262626302,-4.04040404040407,0.02,210.60606060606057,355.05050505050497,0.12,-0.013878843130094572,1,False
-161.61616161616163,-50.50505050505055,0.1,213.13131313131308,302.0202020202019,0.08,-0.002593095662934584,2,False
314.6464646464646,392.4242424242423,0.08,-445.95959595959596,-301.51515151515156,0.14,-0.03163639375574588,7,False
91.9191919191919,180.80808080808075,0.06,115.65656565656565,126.76767676767672,0.02,0.20674108909173852,1,False
246.4646464646464,490.90909090909076,0.24,-466.1616161616162,-321.71717171717177,0.12,-0.005638085166924482,21,False
202.52525252525248,302.5252525252524,0.1,-241.41414141414145,-152.52525252525254,0.08,-0.10270268666284676,7,False
-411.61616161616166,-356.06060606060606,0.06,-216.66666666666669,-5.555555555555589,0.18,0.0024117303296810216,4,False
256.06060606060606,511.6161616161616,0.24,-180.30303030303037,-102.52525252525253,0.06,-0.05230058091246946,8,False
-148.989898989899,128.78787878787878,0.22,288.3838383838383,499.4949494949493,0.18,0.00683503006543712,28,False
-373.7373737373737,-262.62626262626264,0.12,71.71717171717171,160.6060606060605,0.1,0.002668936904568225,7,False
-428.78787878787875,-217.67676767676772,0.22,-388.8888888888889,-166.6666666666667,0.2,0.10463304836091553,25,False
231.31313131313124,364.6464646464646,0.14,153.5353535353535,442.42424242424227,0.24,0.02654797701873163,17,False
-367.67676767676767,-167.67676767676772,0.18,489.3939393939392,500.5050505050505,0.02,0.00010222725813354489,3,False
132.82828282828285,210.60606060606054,0.04,-321.2121212121212,-254.5454545454546,0.06,-0.016567472093329674,4,False
-480.3030303030303,-469.19191919191917,0.02,-216.66666666666669,-5.555555555555589,0.18,0.00013697490158123287,2,False
-28.787878787878824,48.98989898989892,0.06,4.040404040404017,248.4848484848484,0.24,-0.008326901152355315,12,False
-248.48484848484853,-226.2626262626263,0.02,-56.060606060606105,177.27272727272722,0.24,-0.0327586812762109,3,False
111.6161616161616,211.61616161616155,0.06,-448.48484848484844,-248.48484848484853,0.18,-0.010120044109345845,8,False
-103.03030303030302,52.52525252525245,0.12,-467.1717171717172,-300.5050505050506,0.16,0.0017770599132590607,6,False
-479.7979797979798,-257.57575757575756,0.24,-429.7979797979798,-196.4646464646465,0.2,0.07960552246991852,33,False
-410.6060606060606,-377.2727272727273,0.02,-7.070707070707101,37.37373737373735,0.04,-9.428436561415888e-07,1,False
-414.14141414141415,-303.0303030303031,0.12,92.92929292929291,159.5959595959595,0.08,0.0017691435747592829,6,False
108.58585858585857,275.25252525252523,0.12,150.5050505050504,283.8383838383837,0.12,0.16413305545452944,10,False
-368.6868686868687,-146.46464646464648,0.2,-352.020202020202,-274.2424242424243,0.08,0.14581555519351283,8,False
296.9696969696968,319.19191919191917,0.02,347.97979797979787,359.09090909090907,0.02,,0,False
-254.5454545454546,-98.98989898989899,0.12,-358.0808080808081,-146.969696969697,0.2,0.033792305506343,10,False
-297.47474747474746,-86.36363636363635,0.18,-320.20202020202026,-53.53535353535358,0.22,0.024158574299133904,23,False
-364.14141414141415,-241.91919191919197,0.12,-164.14141414141415,2.525252525252495,0.14,0.008914969944934884,12,False
-18.68686868686872,281.3131313131313,0.22,155.05050505050502,410.6060606060605,0.22,0.06254134488064794,37,False
-7.575757575757604,47.97979797979791,0.04,234.34343434343427,301.01010101010087,0.06,0.006864360525930205,2,False
316.1616161616161,360.60606060606057,0.04,-381.31313131313135,-325.7575757575758,0.04,-0.03244490209082013,2,False
9.090909090909063,142.42424242424244,0.1,135.85858585858583,369.19191919191917,0.22,0.06282356534005416,21,False
287.87878787878776,510.1010101010101,0.2,139.89898989898987,284.34343434343424,0.14,0.008620696595010881,16,False
-448.98989898989896,-237.87878787878793,0.22,-110.60606060606061,-10.606060606060641,0.08,0.0004642818399690124,10,False
283.83838383838383,372.72727272727263,0.1,-162.12121212121212,-39.89898989898994,0.1,-0.031685763896793194,4,False
-368.6868686868687,-146.46464646464648,0.2,-469.69696969696975,-247.47474747474752,0.2,0.0754168049326091,32,False
229.79797979797974,396.46464646464636,0.18,-322.22222222222223,-233.33333333333337,0.08,-0.08286692452433794,13,False
-217.1717171717172,5.050505050505022,0.18,-94.949494949495,105.05050505050504,0.18,-0.07980663462654301,27,False
-269.6969696969697,-225.2525252525253,0.04,-431.3131313131313,-164.6464646464647,0.24,0.06779779948027066,5,False
-443.4343434343434,-354.54545454545456,0.1,-397.9797979797979,-197.979797979798,0.18,0.07597168232221924,16,False
-29.797979797979835,70.20202020202014,0.08,24.24242424242422,268.6868686868686,0.24,0.013208587013886367,14,False
54.04040404040398,309.59595959595947,0.2,-447.47474747474746,-269.69696969696975,0.16,-0.018178671062343558,19,False
-97.97979797979797,-53.53535353535358,0.04,-359.0909090909091,-125.75757575757576,0.22,0.0021180802343149555,5,False
3.0303030303030063,269.69696969696963,0.18,-196.969696969697,25.252525252525228,0.2,-0.004921208006691241,28,False
91.9191919191919,180.80808080808075,0.06,-217.1717171717172,5.050505050505022,0.2,-0.002917248797224855,7,False
-487.8787878787879,-310.1010101010101,0.2,354.040404040404,454.0404040404039,0.08,0.0002416484517164521,12,False
-208.5858585858586,-175.25252525252532,0.02,-25.75757575757579,207.57575757575748,0.24,-0.040112882802553415,4,False
-296.96969696969694,-96.96969696969697,0.16,-13.636363636363667,175.2525252525252,0.2,-0.06952639268225227,20,False
115.15151515151514,137.37373737373738,0.02,145.45454545454535,389.89898989898995,0.22,0.09945884261945277,5,False
-319.6969696969697,-286.3636363636364,0.04,-422.7272727272727,-344.949494949495,0.06,0.15428405062322662,3,False
281.8181818181818,415.151515151515,0.14,311.61616161616155,456.06060606060595,0.12,1.6789943652871197e-05,11,False
31.818181818181742,331.81818181818176,0.24,145.95959595959593,157.07070707070696,0.02,0.1318384384620184,3,False
87.37373737373736,276.26262626262627,0.14,-147.97979797979798,107.57575757575756,0.22,0.041858473662370665,23,False
-26.262626262626302,-4.04040404040407,0.02,352.02020202020196,496.4646464646463,0.12,4.35330869294699e-05,1,False
-104.04040404040403,73.73737373737367,0.14,54.545454545454525,76.76767676767676,0.02,-0.1699973656627517,3,False
478.78787878787864,501.01010101010104,0.02,-334.3434343434344,-201.01010101010104,0.12,-0.0018678955426275692,1,False
458.58585858585866,480.80808080808066,0.02,288.3838383838383,499.4949494949493,0.18,2.4695572042129753e-07,3,False
352.5252525252525,485.85858585858574,0.12,-382.32323232323233,-304.5454545454546,0.08,-0.02073131573886916,7,False
-296.96969696969694,-96.96969696969697,0.16,-385.85858585858585,-230.30303030303034,0.14,0.07263573257109812,8,False
-382.32323232323233,-304.5454545454546,0.1,270.2020202020201,436.8686868686867,0.14,0.004860643543069825,7,False
-165.15151515151516,23.737373737373712,0.16,-56.060606060606105,177.27272727272722,0.24,-0.11055223416594338,29,False
-67.17171717171722,188.3838383838383,0.18,-24.242424242424278,175.75757575757572,0.22,0.04141968796324904,31,False
-169.1919191919192,108.58585858585857,0.22,-261.61616161616166,-172.72727272727278,0.08,0.004809218631918839,8,False
-446.96969696969694,-280.3030303030303,0.18,-482.8282828282828,-416.16161616161617,0.06,0.02057833682800883,8,False
-63.13131313131318,103.53535353535352,0.12,-192.92929292929296,-59.59595959595964,0.12,-0.0008698630815728569,10,False
110.10101010101009,243.43434343434336,0.08,-258.58585858585866,-236.3636363636364,0.02,,0,False
53.03030303030296,330.8080808080808,0.22,255.5555555555555,299.9999999999999,0.04,0.03492986639938364,11,False
-489.3939393939394,-278.2828282828283,0.24,-484.34343434343435,-384.3434343434343,0.08,0.019046089990669656,15,False
-32.32323232323236,123.23232323232322,0.12,10.101010101010074,121.2121212121212,0.1,-0.004274679936584631,7,False
82.82828282828281,371.71717171717165,0.24,27.272727272727252,205.05050505050497,0.18,0.12320550783487529,26,False
166.1616161616161,399.4949494949494,0.22,248.98989898989893,437.87878787878776,0.16,0.009426720303532254,18,False
-327.27272727272725,-127.27272727272728,0.18,-145.95959595959596,65.15151515151513,0.18,-0.02731624166528233,15,False
60.10101010101003,182.32323232323225,0.08,446.9696969696968,502.52525252525254,0.06,1.7180159294384705e-05,4,False
277.27272727272725,510.6060606060606,0.22,8.080808080808058,163.63636363636354,0.16,0.0037082120100034068,19,False
-17.171717171717198,249.49494949494942,0.18,-489.8989898989899,-267.6767676767677,0.2,-0.0025812295561754538,19,False
125.25252525252526,369.69696969696963,0.2,-431.3131313131313,-164.6464646464647,0.24,-0.05952978954023588,36,False
-443.4343434343434,-354.54545454545456,0.1,-145.95959595959596,65.15151515151513,0.18,0.00020065098892886807,8,False
-369.6969696969697,-125.25252525252526,0.22,-281.31313131313135,-203.53535353535358,0.06,0.06694384845092935,8,False
-476.26262626262627,-331.8181818181818,0.16,-76.26262626262631,157.07070707070702,0.22,8.747154784339718e-05,21,False
-465.6565656565657,-332.32323232323233,0.14,-320.2020202020202,-275.7575757575758,0.04,0.11766863008224382,7,False
38.888888888888815,183.33333333333326,0.1,-143.93939393939394,22.7272727272727,0.14,0.004361733131367172,8,False
-323.73737373737373,-201.51515151515156,0.12,-188.3838383838384,-155.05050505050508,0.04,0.03217978805589743,7,False
331.31313131313135,486.8686868686867,0.14,159.09090909090907,325.7575757575757,0.14,0.0007866283372626095,12,False
315.6565656565656,371.21212121212113,0.06,-219.19191919191923,47.47474747474745,0.24,-0.04735391369622327,9,False
-116.16161616161617,106.06060606060605,0.18,134.84848484848482,390.4040404040404,0.24,0.0017393009779560777,34,False
3.0303030303030063,269.69696969696963,0.18,-315.6565656565657,-148.98989898989902,0.14,-0.04435797883213579,12,False
2.5252525252524975,280.3030303030303,0.2,-484.34343434343435,-384.3434343434343,0.08,-0.0006415614693687017,11,False
-412.62626262626264,-334.8484848484849,0.08,32.3232323232323,98.98989898989898,0.06,-1.4668795645126275e-05,2,False
-417.1717171717172,-239.39393939393943,0.18,-25.75757575757579,207.57575757575748,0.24,0.0020932593158499496,18,False
-27.272727272727312,17.171717171717148,0.04,-145.95959595959596,65.15151515151513,0.18,-0.02723704778586026,7,False
364.14141414141403,464.1414141414142,0.08,234.34343434343427,301.01010101010087,0.06,0.00030049150926706326,5,False
-118.18181818181819,148.4848484848485,0.22,225.25252525252517,491.9191919191918,0.22,0.013164981423470445,36,False
-145.45454545454547,54.54545454545447,0.16,114.14141414141413,158.5858585858585,0.06,-0.10527364822664775,5,False
-419.6969696969697,-408.5858585858586,0.02,72.22222222222221,149.99999999999994,0.08,0.00016416597610277958,2,False
9.090909090909063,142.42424242424244,0.1,87.87878787878786,265.6565656565656,0.18,0.11654101778456685,11,False
-314.6464646464647,-170.20202020202026,0.12,-265.1515151515152,-98.48484848484848,0.14,0.03061231085107341,17,False
58.58585858585852,214.1414141414141,0.1,-395.45454545454544,-251.01010101010107,0.14,-0.009001773251029056,9,False
255.5555555555555,299.9999999999999,0.06,-22.222222222222257,133.3333333333333,0.16,0.035375589062812525,3,False
172.72727272727266,261.61616161616155,0.06,46.46464646464645,246.4646464646464,0.2,0.15406886071256112,11,False
-230.80808080808083,-153.03030303030306,0.06,112.12121212121211,201.01010101010093,0.1,-0.026094966030760763,7,False
-478.78787878787875,-278.7878787878788,0.22,351.5151515151515,507.07070707070704,0.14,0.0007360059808832175,19,False
57.070707070707,245.95959595959587,0.12,-165.15151515151516,23.737373737373712,0.16,0.0034961008928893755,13,False
-419.1919191919192,-196.969696969697,0.22,-9.090909090909122,79.79797979797979,0.08,-0.009457847834677518,9,False
-157.5757575757576,-135.35353535353536,0.02,-392.9292929292929,-304.0404040404041,0.1,0.017096529102680124,1,False
-33.33333333333337,144.44444444444446,0.14,-187.3737373737374,45.95959595959594,0.2,-0.0019136500133823098,19,False
384.34343434343424,484.34343434343424,0.08,-17.67676767676771,37.878787878787854,0.06,,0,False
-424.7474747474747,-302.5252525252526,0.14,85.85858585858585,308.08080808080797,0.22,0.0060063862806336915,16,False
-180.80808080808086,-91.9191919191919,0.08,-51.51515151515156,81.81818181818181,0.12,-0.07649515250633278,6,False
-14.14141414141417,185.8585858585858,0.14,161.1111111111111,283.3333333333332,0.1,0.07834966404288377,11,False
295.95959595959584,340.4040404040404,0.04,184.34343434343427,462.121212121212,0.24,0.004681135392596176,7,False
236.3636363636363,258.58585858585855,0.02,146.96969696969688,358.08080808080797,0.18,0.10695521840163538,2,False
-280.8080808080808,8.08080808080805,0.24,-22.222222222222257,133.3333333333333,0.16,-0.10108703721467228,26,False
-59.090909090909136,18.686868686868664,0.06,-162.12121212121212,-39.89898989898994,0.1,-0.005015430523240183,6,False
227.2727272727272,449.4949494949495,0.22,-180.30303030303037,-102.52525252525253,0.06,-0.06370169519951223,8,False
-482.8282828282828,-416.16161616161617,0.08,377.7777777777778,399.9999999999999,0.02,6.878526477104786e-06,3,False
111.6161616161616,211.61616161616155,0.06,92.42424242424241,170.20202020202015,0.1,0.2438838053278834,7,False
-480.3030303030303,-469.19191919191917,0.02,212.12121212121207,323.23232323232315,0.1,2.977972226265735e-05,2,False
-330.80808080808083,-53.03030303030308,0.24,291.4141414141413,435.85858585858574,0.12,0.013381237732031195,19,False
53.03030303030296,330.8080808080808,0.22,-400.50505050505046,-144.94949494949498,0.24,-0.05208575287756168,33,False
365.15151515151507,442.9292929292929,0.06,124.24242424242419,168.68686868686865,0.06,0.00034425025302514174,1,False
261.6161616161616,394.94949494949486,0.14,13.131313131313105,57.57575757575756,0.04,0.001791892446295978,4,False
1.5151515151514872,301.5151515151515,0.22,-9.090909090909122,79.79797979797979,0.08,0.049089669271496224,14,False
404.5454545454544,504.54545454545456,0.08,269.19191919191906,458.08080808080797,0.16,1.1716632595794387e-06,5,False
311.11111111111103,466.66666666666674,0.14,256.5656565656565,278.78787878787864,0.02,0.00012727705002905335,3,False
-325.25252525252523,-169.69696969696975,0.14,-248.98989898989902,6.565656565656537,0.22,0.023537998238034555,26,False
93.93939393939392,138.3838383838384,0.04,-382.32323232323233,-304.5454545454546,0.08,-0.00039767105689692315,2,False
165.1515151515151,420.70707070707056,0.24,-168.1818181818182,87.37373737373737,0.22,-0.003072887303700207,37,False
-240.90909090909093,59.090909090909015,0.24,-313.13131313131316,-202.02020202020205,0.08,0.025058070342836903,11,False
-100.50505050505049,-0.5050505050505372,0.08,-20.70707070707074,101.5151515151515,0.12,-0.13097039812746986,12,False
-382.32323232323233,-304.5454545454546,0.1,315.15151515151507,381.81818181818187,0.06,0.002904918787480473,2,False
-330.80808080808083,-53.03030303030308,0.24,-13.131313131313158,164.64646464646455,0.18,-0.08553553839291486,29,False
168.68686868686862,346.4646464646465,0.16,-93.939393939394,83.83838383838383,0.16,0.023013218914526512,16,False
248.4848484848484,448.4848484848485,0.2,357.5757575757575,379.79797979797985,0.02,3.6235630385475836e-05,3,False
-105.55555555555554,105.55555555555554,0.16,-147.97979797979798,107.57575757575756,0.22,-0.05236654800580793,31,False
-220.70707070707073,79.29292929292923,0.24,-490.9090909090909,-246.4646464646465,0.22,0.01743185092574881,26,False
-347.47474747474746,-147.4747474747475,0.18,-315.6565656565657,-148.98989898989902,0.14,0.061812386794228555,16,False
332.32323232323233,465.6565656565657,0.12,194.94949494949486,239.39393939393932,0.04,0.0018413494496187085,4,False
-488.3838383838384,-299.49494949494954,0.22,186.86868686868678,409.090909090909,0.2,0.0033377694437977,28,False
-72.22222222222227,72.22222222222216,0.12,269.19191919191906,458.08080808080797,0.16,0.0034459106171101806,11,False
-6.060606060606091,16.161616161616138,0.02,-50.50505050505055,60.60606060606059,0.1,-0.03453676070930745,2,False
287.37373737373736,298.4848484848484,0.02,110.10101010101009,243.43434343434336,0.14,0.030956302788930884,3,False
-369.6969696969697,-125.25252525252526,0.22,86.86868686868686,286.8686868686867,0.2,-0.0012122593631682015,25,False
457.5757575757576,502.020202020202,0.04,33.33333333333331,77.77777777777777,0.04,-4.1655628865858264e-06,1,False
-312.1212121212122,-223.23232323232327,0.08,-322.22222222222223,-233.33333333333337,0.08,0.23848843731428643,1,False
-477.77777777777777,-300.00000000000006,0.2,269.19191919191906,458.08080808080797,0.16,0.0018793904357251156,19,False
384.34343434343424,484.34343434343424,0.08,-350.5050505050505,-306.0606060606061,0.06,-0.007693719222539784,3,False
-311.1111111111112,-244.44444444444449,0.06,-23.232323232323267,154.5454545454545,0.18,-1.097392246821871e-05,5,False
-10.101010101010132,101.010101010101,0.08,-400.50505050505046,-144.94949494949498,0.24,-0.00019242408455240537,5,False
32.82828282828276,310.6060606060605,0.22,356.5656565656565,401.0101010101009,0.04,0.00204720683674433,3,False
-210.60606060606062,-132.82828282828285,0.06,447.97979797979787,481.3131313131312,0.02,,0,False
256.06060606060606,511.6161616161616,0.24,-392.4242424242424,-314.64646464646466,0.08,-0.012233281931383094,9,False
331.31313131313135,486.8686868686867,0.14,29.797979797979774,152.02020202020196,0.12,0.00042682623605151985,7,False
-253.03030303030306,-130.80808080808083,0.1,-87.87878787878793,-43.434343434343475,0.04,-0.0122113469981562,1,False
-320.7070707070708,-42.92929292929297,0.24,-260.10101010101016,-204.54545454545456,0.04,0.05524247651012518,6,False
331.31313131313135,486.8686868686867,0.14,-16.16161616161619,228.28282828282823,0.24,0.0007092125170771249,16,False
407.57575757575745,440.9090909090909,0.02,-188.3838383838384,-155.05050505050508,0.04,-0.04079580753474699,2,False
-384.34343434343435,-262.1212121212121,0.14,-248.98989898989902,6.565656565656537,0.22,0.03643054142240647,20,False
-375.7575757575757,-220.20202020202024,0.16,-427.27272727272725,-249.49494949494954,0.16,0.14728484656122373,12,False
128.2828282828283,306.06060606060595,0.14,111.1111111111111,222.22222222222217,0.12,0.15281529106134106,12,False
204.5454545454545,260.10101010101005,0.04,-448.48484848484844,-248.48484848484853,0.18,-0.04101589154735539,2,False
246.4646464646464,490.90909090909076,0.24,-422.7272727272727,-344.949494949495,0.06,-0.003893224219082767,8,False
-276.26262626262627,-87.37373737373736,0.16,-55.050505050505095,156.060606060606,0.2,-0.08523226747282604,18,False
356.060606060606,411.6161616161615,0.06,155.05050505050502,410.6060606060605,0.22,0.00025926793713061154,9,False
-295.45454545454544,-128.7878787878788,0.14,-442.4242424242424,-375.7575757575758,0.06,0.045769520758453905,10,False
-440.9090909090909,-407.5757575757576,0.04,-328.7878787878788,-95.45454545454545,0.2,0.027292243999532097,4,False
254.54545454545448,321.21212121212113,0.08,-442.4242424242424,-375.7575757575758,0.06,-0.005003919455727594,6,False
-325.25252525252523,-169.69696969696975,0.14,-444.9494949494949,-322.7272727272728,0.1,0.1111273220370553,10,False
84.84848484848483,329.2929292929292,0.2,-327.27272727272725,-127.27272727272728,0.18,-0.07160902441886963,23,False
-320.7070707070708,-42.92929292929297,0.24,-197.979797979798,46.46464646464644,0.22,-0.008845406245928444,38,False
-484.8484848484848,-373.7373737373738,0.12,-25.75757575757579,207.57575757575748,0.24,8.521639297268958e-05,12,False
64.14141414141407,97.47474747474746,0.02,-241.41414141414145,-152.52525252525254,0.08,-0.0006110500333334016,1,False
-362.1212121212121,-284.34343434343435,0.08,52.525252525252505,119.19191919191918,0.06,-0.0008366505078777381,3,False
12.626262626262601,68.18181818181812,0.04,-208.0808080808081,-185.85858585858588,0.02,-0.0002114761285852753,1,False
-217.1717171717172,5.050505050505022,0.18,160.10101010101008,304.54545454545445,0.12,0.002926234329913678,14,False
-301.010101010101,-12.121212121212162,0.24,-162.12121212121212,-39.89898989898994,0.1,0.0001929572401955954,18,False
266.66666666666663,288.8888888888889,0.02,-424.7474747474747,-302.5252525252526,0.12,-0.0037858519352066966,1,False
-470.2020202020202,-459.0909090909091,0.02,-97.47474747474753,158.08080808080803,0.24,2.4022014863789315e-05,5,False
-145.45454545454547,54.54545454545447,0.16,288.3838383838383,499.4949494949493,0.18,0.006081088600171146,18,False
-229.79797979797982,-174.2424242424243,0.04,119.69696969696965,264.1414141414141,0.14,0.01918723453059014,6,False
-420.7070707070707,-165.1515151515152,0.24,26.262626262626238,226.2626262626262,0.2,-0.00542026880686734,27,False
-110.1010101010101,-21.212121212121254,0.08,253.03030303030297,353.03030303030295,0.08,0.012944919565563956,5,False
315.6565656565656,371.21212121212113,0.06,-139.8989898989899,-62.12121212121217,0.06,-0.026854177511902597,2,False
-187.87878787878793,56.5656565656565,0.2,-480.8080808080808,-458.58585858585866,0.02,0.001261503753584875,2,False
263.1313131313131,363.1313131313131,0.1,-86.86868686868692,-64.6464646464647,0.02,-0.021372126475469832,1,False
-114.64646464646465,74.24242424242418,0.16,-7.070707070707101,37.37373737373735,0.04,-0.04694158151618493,6,False
387.8787878787878,410.10101010100993,0.02,-262.6262626262627,-151.51515151515153,0.1,-0.07464947106036376,1,False
85.85858585858585,308.08080808080797,0.18,214.1414141414141,280.80808080808066,0.06,0.05914758741428817,7,False
-359.5959595959596,-337.3737373737374,0.02,-449.4949494949495,-227.2727272727273,0.2,0.10665724484734809,4,False
295.95959595959584,340.4040404040404,0.04,151.51515151515142,262.6262626262626,0.1,0.020652363894074977,4,False
-268.68686868686865,-246.4646464646465,0.02,-13.636363636363667,175.2525252525252,0.2,0.01635401956441064,1,False
125.25252525252526,369.69696969696963,0.2,-318.18181818181824,-95.95959595959596,0.18,-0.0703798213501688,32,False
287.37373737373736,298.4848484848484,0.02,32.3232323232323,98.98989898989898,0.06,,0,False
-68.68686868686873,220.20202020202015,0.2,153.5353535353535,442.42424242424227,0.24,0.04207164670097375,43,False
261.6161616161616,394.94949494949486,0.14,156.060606060606,389.39393939393943,0.2,0.01404898277163621,17,False
-329.2929292929293,-84.84848484848483,0.22,-196.969696969697,25.252525252525228,0.2,-0.00552167113746403,32,False
331.31313131313135,486.8686868686867,0.14,156.06060606060595,167.17171717171715,0.02,,0,False
-18.68686868686872,281.3131313131313,0.22,-243.939393939394,-99.4949494949495,0.12,-0.03999354087919723,14,False
357.07070707070704,390.4040404040403,0.04,-424.7474747474747,-302.5252525252526,0.12,-0.030843015357939506,4,False
-427.77777777777777,-238.88888888888894,0.2,-117.67676767676768,137.87878787878782,0.24,0.00026716199575272065,24,False
-371.21212121212125,-93.43434343434343,0.24,-159.09090909090912,-103.53535353535354,0.04,0.012368930709324145,11,False
-233.8383838383839,-89.39393939393938,0.12,-470.7070707070707,-226.2626262626263,0.22,0.02652957245773524,17,False
313.63636363636357,413.6363636363635,0.1,250.50505050505043,406.06060606060595,0.14,0.0006108545645948982,7,False
123.73737373737376,401.51515151515144,0.24,309.5959595959595,498.4848484848483,0.16,0.0008002068688583033,22,False
130.3030303030303,263.63636363636357,0.08,-148.989898989899,128.78787878787878,0.24,0.05712948243098463,20,False
257.070707070707,268.1818181818182,0.02,-260.10101010101016,-204.54545454545456,0.04,-0.12473856187728143,1,False
123.73737373737376,401.51515151515144,0.24,-358.0808080808081,-146.969696969697,0.2,-0.07240942980445253,34,False
-61.61616161616166,71.71717171717165,0.1,-288.38383838383845,-55.050505050505095,0.2,-0.0008257893137013177,10,False
265.1515151515151,320.70707070707067,0.06,-449.4949494949495,-227.2727272727273,0.2,-0.04175322347310684,13,False
-228.28282828282832,-206.0606060606061,0.02,397.4747474747474,430.80808080808066,0.02,,0,False
290.90909090909076,446.4646464646465,0.14,145.4545454545454,167.67676767676764,0.04,0.02860336463799531,2,False
205.55555555555551,238.8888888888888,0.02,53.535353535353515,97.97979797979797,0.04,0.07826364767272367,1,False
-15.656565656565686,217.6767676767676,0.16,-248.48484848484853,-4.0404040404040735,0.2,-0.005043950282026156,20,False
-385.3535353535354,-240.90909090909096,0.16,246.4646464646464,490.90909090909076,0.2,0.007163305484949458,18,False
-316.66666666666674,-127.77777777777779,0.16,115.65656565656565,126.76767676767672,0.02,-0.03004726403821688,2,False
-418.1818181818182,-218.18181818181822,0.2,-358.0808080808081,-146.969696969697,0.2,0.08764049383667794,24,False
-113.63636363636364,53.03030303030295,0.14,69.69696969696969,203.03030303030295,0.14,-0.08451874398215939,14,False
-26.262626262626302,-4.04040404040407,0.02,-250.00000000000003,27.777777777777754,0.24,-0.017380748262137823,6,False
-251.01010101010104,-173.2323232323233,0.06,-188.38383838383845,67.17171717171715,0.22,-0.005980283654691964,10,False
-169.1919191919192,108.58585858585857,0.22,-330.8080808080809,-275.2525252525253,0.06,0.009678952827711692,5,False
-376.76767676767673,-198.98989898989902,0.18,-16.16161616161619,228.28282828282823,0.24,-0.001412832621021951,23,False
-138.3838383838384,-93.93939393939392,0.04,-97.47474747474753,158.08080808080803,0.24,-0.16792213053547894,5,False
-108.58585858585859,-53.030303030303074,0.06,84.84848484848483,329.2929292929292,0.24,-0.10505556548982062,10,False
-146.46464646464648,75.7575757575757,0.18,-76.26262626262631,157.07070707070702,0.22,-0.09098620109430575,31,False
331.31313131313135,486.8686868686867,0.14,-117.67676767676768,137.87878787878782,0.24,-0.0056240327685851185,16,False
280.3030303030303,446.96969696969694,0.16,-138.88888888888889,-83.33333333333339,0.04,-0.03170675821189445,5,False
-364.14141414141415,-241.91919191919197,0.12,-189.39393939393943,88.38383838383838,0.24,0.012102865403157295,21,False
-58.080808080808126,-2.5252525252525544,0.04,148.48484848484838,326.2626262626262,0.16,-0.045314837329465896,6,False
258.0808080808081,469.1919191919192,0.2,159.09090909090907,325.7575757575757,0.14,0.010761764639000115,20,False
-325.25252525252523,-169.69696969696975,0.14,-442.4242424242424,-375.7575757575758,0.06,0.07105511490366821,7,False
437.37373737373736,481.8181818181817,0.04,191.91919191919183,303.0303030303029,0.1,1.1352768168699083e-05,1,False
12.626262626262601,68.18181818181812,0.04,-163.63636363636365,-8.080808080808115,0.12,-0.0012523698166536804,2,False
-472.22222222222223,-416.66666666666663,0.06,87.87878787878786,265.6565656565656,0.18,0.00013224501756785827,4,False
-220.70707070707073,79.29292929292923,0.24,266.6666666666665,511.11111111111114,0.22,0.0142840559452957,34,False
-277.77777777777777,-55.55555555555561,0.18,-452.020202020202,-174.24242424242428,0.24,0.032930824518307415,28,False
34.84848484848477,268.18181818181813,0.16,-389.8989898989899,-145.45454545454547,0.22,-0.027887700493261676,20,False
-363.13131313131316,-263.1313131313131,0.1,-340.4040404040405,-73.73737373737379,0.24,0.07312918777299633,20,False
336.8686868686869,370.2020202020201,0.04,397.4747474747474,430.80808080808066,0.02,4.701688941455315e-06,1,False
405.55555555555543,483.3333333333332,0.06,33.33333333333331,77.77777777777777,0.04,,0,False
-327.27272727272725,-127.27272727272728,0.18,255.5555555555555,299.9999999999999,0.04,0.059538134351012496,5,False
252.52525252525245,363.6363636363636,0.12,-210.60606060606062,-132.82828282828285,0.08,-0.1192457743254431,6,False
-157.5757575757576,-135.35353535353536,0.02,-491.9191919191919,-225.2525252525253,0.24,0.01580630588240338,6,False
257.070707070707,268.1818181818182,0.02,287.87878787878776,510.1010101010101,0.2,3.594269724621161e-07,1,False
-480.8080808080808,-458.58585858585866,0.04,33.33333333333331,77.77777777777777,0.04,,0,False
-443.4343434343434,-354.54545454545456,0.1,-284.8484848484849,-129.2929292929293,0.14,0.043955457367100145,5,False
167.17171717171712,378.2828282828282,0.2,-469.69696969696975,-247.47474747474752,0.2,-0.03600997762672937,26,False
293.4343434343433,393.43434343434336,0.1,205.55555555555551,461.111111111111,0.22,0.0016134210541162994,17,False
-465.6565656565657,-332.32323232323233,0.14,69.69696969696969,203.03030303030295,0.14,0.0007173821659747484,8,False
-461.61616161616166,-417.17171717171715,0.04,-445.95959595959596,-301.51515151515156,0.14,0.01723840068535746,7,False
-421.7171717171717,-366.1616161616161,0.06,-52.52525252525257,103.03030303030302,0.14,-1.0093478315464713e-05,3,False
84.84848484848483,329.2929292929292,0.2,-444.9494949494949,-322.7272727272728,0.1,-0.006288991705587087,13,False
195.45454545454538,451.010101010101,0.24,373.7373737373738,484.8484848484847,0.08,5.102042851919795e-06,11,False
42.929292929292856,98.48484848484847,0.04,-263.6363636363637,-130.3030303030303,0.12,-0.00041126308095933845,2,False
-216.1616161616162,-16.1616161616162,0.16,44.44444444444443,288.88888888888874,0.24,-0.09146171006330177,25,False
-111.11111111111111,-3.108624468950438e-14,0.1,-19.69696969696973,80.3030303030303,0.1,-0.10207490200529833,9,False
104.04040404040403,370.70707070707067,0.22,-116.16161616161617,106.06060606060605,0.2,0.02833709723243735,31,False
-374.7474747474747,-241.41414141414145,0.14,-142.92929292929293,1.5151515151514845,0.12,0.0005607459286469636,7,False
87.87878787878786,265.6565656565656,0.12,-191.91919191919195,-80.80808080808086,0.1,-0.026166043783032607,11,False
-483.3333333333333,-405.5555555555556,0.1,67.67676767676767,245.45454545454538,0.18,0.00011083208930974775,8,False
-447.979797979798,-259.09090909090907,0.2,-117.17171717171718,127.27272727272727,0.22,9.609249846280414e-05,23,False
-147.97979797979798,107.57575757575756,0.2,233.33333333333326,322.2222222222222,0.08,0.016962563400923114,10,False
-367.67676767676767,-167.67676767676772,0.18,446.9696969696968,502.52525252525254,0.06,0.00015971431169764603,5,False
317.1717171717171,339.39393939393943,0.02,-452.020202020202,-174.24242424242428,0.24,-0.06601072969515774,4,False
-322.72727272727275,-222.72727272727278,0.1,-13.131313131313158,164.64646464646455,0.18,-0.009026962753737372,9,False
-182.82828282828288,-49.49494949494954,0.12,192.92929292929284,281.8181818181817,0.08,-0.000583846773024272,3,False
-57.070707070707115,-23.737373737373776,0.02,188.8888888888888,366.66666666666663,0.16,-0.004429812345041187,3,False
-113.63636363636364,53.03030303030295,0.14,250.50505050505043,406.06060606060595,0.14,0.008217571654412649,10,False
13.636363636363612,46.9696969696969,0.02,287.87878787878776,510.1010101010101,0.2,0.0014117324816385977,6,False
129.79797979797982,274.24242424242425,0.1,-330.80808080808083,-53.03030303030308,0.24,-0.03333928695010782,18,False
44.44444444444437,66.6666666666666,0.02,-192.92929292929296,-59.59595959595964,0.12,-0.0004003804034346315,2,False
-150.0,150.0,0.24,-208.5858585858586,-175.25252525252532,0.04,-0.00016782242107676328,3,False
293.4343434343433,393.43434343434336,0.1,-215.15151515151518,-37.37373737373741,0.16,-0.06986261246817972,9,False
362.121212121212,506.5656565656566,0.12,190.90909090909082,324.2424242424242,0.12,0.00019532550967261438,10,False
437.37373737373736,481.8181818181817,0.04,-53.53535353535358,124.24242424242424,0.16,,0,False
57.070707070707,245.95959595959587,0.12,88.88888888888887,244.44444444444437,0.16,0.20865740215114775,13,False
-470.20202020202026,-236.86868686868692,0.24,-323.73737373737373,-201.51515151515156,0.1,0.09590729811113624,16,False
-421.7171717171717,-366.1616161616161,0.06,144.44444444444434,411.11111111111103,0.24,0.0011504298273708083,5,False
83.83838383838382,350.5050505050505,0.22,229.29292929292922,407.070707070707,0.16,0.03115665358335048,16,False
-290.9090909090909,-224.24242424242428,0.06,-19.69696969696973,80.3030303030303,0.1,-0.02132098862631308,2,False
334.8484848484849,412.6262626262625,0.08,-318.6868686868687,-307.5757575757576,0.02,-0.05049745493155868,3,False
-320.20202020202026,-53.53535353535358,0.22,-491.9191919191919,-225.2525252525253,0.24,0.058445065837580766,34,False
-100.50505050505049,-0.5050505050505372,0.08,48.48484848484847,204.04040404040396,0.16,-0.14672859147812228,11,False
252.52525252525245,363.6363636363636,0.12,-20.70707070707074,101.5151515151515,0.12,0.012507744379344753,6,False
-466.66666666666674,-311.1111111111111,0.16,355.050505050505,432.8282828282827,0.06,0.0003566137851378691,8,False
227.2727272727272,449.4949494949495,0.22,-215.15151515151518,-37.37373737373741,0.16,-0.05559880967930243,23,False
-165.15151515151516,23.737373737373712,0.16,-284.8484848484849,-129.2929292929293,0.14,0.0044095752865888314,9,False
-339.8989898989899,-306.56565656565664,0.04,352.02020202020196,496.4646464646463,0.12,0.0006895743675909417,3,False
-248.48484848484853,-226.2626262626263,0.02,-472.2222222222223,-194.44444444444449,0.24,0.10629294860513902,2,False
130.3030303030303,263.63636363636357,0.08,155.05050505050502,410.6060606060605,0.22,0.1068186791737956,15,False
-464.1414141414142,-364.1414141414141,0.1,-356.5656565656566,-178.7878787878788,0.16,0.06333375235778975,12,False
-369.6969696969697,-125.25252525252526,0.22,-167.17171717171718,66.16161616161614,0.2,-0.007837648576718714,30,False
-346.4646464646465,-168.68686868686873,0.16,267.67676767676755,489.8989898989898,0.18,0.019194561048295474,16,False
-239.39393939393943,27.27272727272725,0.22,355.050505050505,432.8282828282827,0.06,0.008435108536502183,10,False
-379.29292929292933,-368.18181818181813,0.02,-183.33333333333337,-38.88888888888893,0.12,0.00016642193891540363,1,False
-311.1111111111112,-244.44444444444449,0.06,157.57575757575754,357.57575757575745,0.16,0.041815113175869556,5,False
354.5454545454545,443.4343434343434,0.08,-460.6060606060607,-438.38383838383834,0.02,-0.0004562859436301724,1,False
230.80808080808075,375.2525252525252,0.16,-431.3131313131313,-164.6464646464647,0.24,-0.07741866196977931,25,False
458.58585858585866,480.80808080808066,0.02,-117.67676767676768,137.87878787878782,0.24,-0.001477597187945238,1,False
-411.61616161616166,-356.06060606060606,0.06,-481.8181818181818,-437.37373737373736,0.04,0.012191594087315462,1,False
54.545454545454476,298.98989898989896,0.18,-289.39393939393943,-33.838383838383876,0.22,-0.040827968320593724,31,False
-235.3535353535354,-57.57575757575762,0.14,274.24242424242414,352.0202020202019,0.06,0.03450281453795872,6,False
234.34343434343427,301.01010101010087,0.08,-8.080808080808112,58.58585858585857,0.06,0.0229326795342794,2,False
103.53535353535352,381.31313131313124,0.24,-76.76767676767682,167.67676767676758,0.24,0.07195032255818018,36,False
-462.1212121212122,-406.5656565656566,0.06,226.7676767676767,460.10101010101,0.2,0.00011333479063872716,11,False
-10.101010101010132,101.010101010101,0.08,-335.8585858585859,-169.19191919191925,0.16,-0.0002694887147966342,3,False
-426.76767676767673,-260.1010101010101,0.18,185.35353535353528,440.90909090909076,0.22,0.0062136652833550765,21,False
-18.68686868686872,281.3131313131313,0.22,274.24242424242414,352.0202020202019,0.06,0.019339343573824563,11,False
356.060606060606,411.6161616161615,0.06,-470.7070707070707,-226.2626262626263,0.22,-0.037915245917474805,7,False
-113.63636363636364,53.03030303030295,0.14,27.272727272727252,205.05050505050497,0.18,-0.0987195377379672,18,False
-216.1616161616162,-16.1616161616162,0.16,-383.83838383838383,-272.7272727272728,0.1,0.022956701584170833,6,False
-315.6565656565657,-148.98989898989902,0.14,50.50505050505049,161.61616161616152,0.12,-0.03123794720372908,12,False
332.32323232323233,465.6565656565657,0.12,164.14141414141412,219.69696969696963,0.04,0.001980248949394854,4,False
4.040404040404017,248.4848484848484,0.16,-198.98989898989902,67.67676767676765,0.24,0.00864592748694087,29,False
-470.20202020202026,-236.86868686868692,0.24,-182.32323232323236,-60.10101010101015,0.1,0.012245043452268596,19,False
438.38383838383834,460.6060606060607,0.02,236.3636363636363,258.58585858585855,0.02,,0,False
-296.96969696969694,-96.96969696969697,0.16,-445.95959595959596,-301.51515151515156,0.14,0.05929497576191204,12,False
-274.24242424242425,-129.79797979797982,0.12,-137.87878787878788,-104.54545454545455,0.02,0.0013866704889130006,1,False
-320.20202020202026,-53.53535353535358,0.22,235.35353535353528,279.7979797979797,0.04,0.058200392753805265,7,False
-59.090909090909136,18.686868686868664,0.06,-448.48484848484844,-248.48484848484853,0.18,0.00010306769053062218,3,False
-489.3939393939394,-278.2828282828283,0.24,54.545454545454525,76.76767676767676,0.02,-0.000631635791355505,4,False
362.121212121212,506.5656565656566,0.12,-320.20202020202026,-53.53535353535358,0.22,-0.029170467508440417,21,False
-120.20202020202021,190.90909090909085,0.24,192.92929292929284,281.8181818181817,0.08,0.041350992848090615,11,False
-145.45454545454547,54.54545454545447,0.16,310.10101010101005,487.87878787878776,0.14,0.006052111793169465,16,False
204.04040404040398,270.7070707070707,0.06,310.10101010101005,487.87878787878776,0.14,7.976018510100075e-06,1,False
128.2828282828283,306.06060606060595,0.14,-349.4949494949495,-327.27272727272737,0.02,-0.010195905015281241,1,False
-387.3737373737374,-198.48484848484853,0.2,-309.59595959595964,-276.2626262626263,0.02,0.15855391935243793,4,False
226.26262626262618,470.7070707070708,0.24,-487.37373737373736,-320.7070707070708,0.14,-0.005615667283462907,21,False
279.2929292929293,468.18181818181824,0.18,-86.86868686868692,-64.6464646464647,0.02,-0.011424861831707534,2,False
384.34343434343424,484.34343434343424,0.08,206.56565656565652,439.8989898989898,0.2,4.160378087681339e-05,12,False
172.72727272727266,261.61616161616155,0.06,-287.3737373737374,-76.26262626262631,0.18,-0.04624509537875592,9,False
198.98989898989893,376.7676767676767,0.18,157.07070707070704,368.18181818181813,0.18,0.030548078974945856,14,False
9.090909090909063,142.42424242424244,0.1,71.2121212121212,171.21212121212116,0.12,0.13894378395184623,8,False
279.2929292929293,468.18181818181824,0.18,214.1414141414141,280.80808080808066,0.06,0.004438714410897122,7,False
-60.60606060606065,50.505050505050434,0.08,-314.1414141414142,-180.80808080808083,0.1,0.00013406427411655664,3,False
-369.19191919191917,-358.0808080808081,0.02,185.35353535353528,440.90909090909076,0.22,0.002621544414533046,4,False
175.25252525252517,208.58585858585855,0.02,-76.76767676767682,167.67676767676758,0.24,0.1415817614200915,9,False
-252.02020202020208,-152.02020202020202,0.08,-117.67676767676768,137.87878787878782,0.24,-0.04904052512164842,10,False
-231.81818181818187,-131.8181818181818,0.08,227.77777777777771,438.88888888888874,0.18,0.05003595808357951,9,False
-474.7474747474747,-363.6363636363636,0.12,225.25252525252517,491.9191919191918,0.22,0.00021091576319746174,18,False
-167.6767676767677,76.7676767676767,0.2,193.93939393939385,260.6060606060605,0.06,0.010176468206758379,6,False
-231.81818181818187,-131.8181818181818,0.08,-388.3838383838384,-177.2727272727273,0.18,0.04971359279764183,5,False
-75.75757575757581,146.46464646464648,0.18,-195.45454545454547,-6.5656565656565995,0.16,-0.006550059737040252,19,False
257.07070707070704,490.4040404040403,0.22,-310.6060606060607,-255.05050505050508,0.04,-0.06493384990540625,13,False
-113.63636363636364,53.03030303030295,0.14,-429.7979797979798,-196.4646464646465,0.2,0.0015193823632594446,9,False
34.84848484848477,268.18181818181813,0.16,344.44444444444434,433.3333333333332,0.08,0.0011981962283825656,7,False
294.9494949494948,361.6161616161616,0.06,-148.989898989899,128.78787878787878,0.24,-0.01510917655455838,8,False
-272.22222222222223,-172.22222222222229,0.08,138.88888888888886,305.55555555555543,0.16,0.04745843646013192,11,False
58.58585858585852,214.1414141414141,0.1,85.85858585858585,308.08080808080797,0.22,0.15546285362692924,18,False
296.9696969696968,319.19191919191917,0.02,-422.7272727272727,-344.949494949495,0.06,-0.007783758504903892,3,False
251.01010101010095,395.4545454545454,0.16,-243.939393939394,-99.4949494949495,0.12,-0.09853972724095438,13,False
-140.40404040404042,-51.51515151515156,0.08,154.54545454545445,198.9898989898989,0.04,-0.10775188156495544,2,False
-279.7979797979798,-13.131313131313172,0.22,311.61616161616155,456.06060606060595,0.12,0.010555681968097067,15,False
-137.87878787878788,-104.54545454545455,0.02,-315.6565656565657,-148.98989898989902,0.14,0.011876616036604098,2,False
-18.18181818181821,270.7070707070706,0.2,115.65656565656565,126.76767676767672,0.02,0.12207433447521622,3,False
34.34343434343427,278.78787878787875,0.18,-287.3737373737374,-76.26262626262631,0.18,-0.03732695691104985,22,False
253.53535353535347,342.42424242424244,0.1,116.66666666666661,327.7777777777777,0.2,0.02156916789598009,11,False
-214.64646464646466,-47.97979797979802,0.14,-452.020202020202,-174.24242424242428,0.24,0.01971501288890765,19,False
458.58585858585866,480.80808080808066,0.02,-137.87878787878788,-104.54545454545455,0.02,,0,False
-210.60606060606062,-132.82828282828285,0.06,-147.97979797979798,107.57575757575756,0.22,-0.039843869357001446,9,False
317.1717171717171,339.39393939393943,0.02,-195.959595959596,4.040404040404011,0.18,-0.10915398745187244,1,False
87.87878787878786,265.6565656565656,0.12,-391.91919191919186,-325.25252525252534,0.06,-0.003678949301671389,4,False
-347.47474747474746,-147.4747474747475,0.18,-25.75757575757579,207.57575757575748,0.24,-0.018964175429255443,23,False
-347.47474747474746,-147.4747474747475,0.18,-486.3636363636364,-341.9191919191919,0.12,0.056827500989868183,19,False
199.49494949494945,366.1616161616161,0.16,144.44444444444434,411.11111111111103,0.24,0.028205228945911872,16,False
-72.22222222222227,72.22222222222216,0.12,-449.4949494949495,-227.2727272727273,0.2,0.00012347888167722285,7,False
110.10101010101009,243.43434343434336,0.08,426.7676767676766,482.3232323232322,0.04,6.745486295375749e-05,4,False
-18.18181818181821,270.7070707070706,0.2,394.94949494949486,483.8383838383837,0.06,6.230149751458172e-05,12,False
-329.2929292929293,-84.84848484848483,0.22,-66.66666666666671,-44.444444444444485,0.02,-0.0122113469981562,1,False
-159.5959595959596,-92.92929292929291,0.06,292.92929292929284,404.0404040404039,0.1,0.015035966458606697,6,False
-346.4646464646465,-168.68686868686873,0.16,93.43434343434342,148.98989898989893,0.06,-0.020571671486007324,4,False
-485.85858585858585,-352.52525252525254,0.16,-481.8181818181818,-437.37373737373736,0.04,0.003813424862255129,6,False
404.5454545454544,504.54545454545456,0.08,267.17171717171703,500.50505050505035,0.2,6.1034954393294104e-06,6,False
-235.85858585858588,-46.96969696969701,0.16,-424.7474747474747,-302.5252525252526,0.12,0.022281299038869204,8,False
-379.2929292929293,-145.959595959596,0.22,310.10101010101005,487.87878787878776,0.14,0.004815612002531136,17,False
201.51515151515147,323.7373737373737,0.12,-248.98989898989902,6.565656565656537,0.22,-0.05203972782872397,18,False
104.04040404040403,370.70707070707067,0.22,142.9292929292929,220.70707070707064,0.08,0.12454431097712415,12,False
-312.1212121212122,-223.23232323232327,0.08,8.58585858585856,153.03030303030297,0.14,-0.013783455246724585,7,False
-296.96969696969694,-96.96969696969697,0.16,428.2828282828282,450.50505050505035,0.02,,0,False
-350.0,-94.44444444444444,0.22,118.68686868686864,285.3535353535352,0.16,-0.00579994800183819,22,False
-33.33333333333337,144.44444444444446,0.14,-321.2121212121212,-254.5454545454546,0.06,0.00012226596295163936,1,False
-147.97979797979798,107.57575757575756,0.2,-76.26262626262631,157.07070707070702,0.22,-0.07425409871259307,34,False
-359.5959595959596,-337.3737373737374,0.02,-114.14141414141415,63.63636363636362,0.16,-5.647812053653999e-05,2,False
385.3535353535353,463.13131313131316,0.06,-250.00000000000003,27.777777777777754,0.24,-0.02714594179432392,10,False
-33.33333333333337,144.44444444444446,0.14,236.3636363636363,258.58585858585855,0.02,0.0656661768451855,2,False
-72.22222222222227,72.22222222222216,0.12,68.68686868686868,224.2424242424242,0.16,-0.02769211609377952,14,False
251.01010101010095,395.4545454545454,0.16,351.5151515151515,507.07070707070704,0.14,1.2014128186942017e-05,13,False
-18.68686868686872,281.3131313131313,0.22,153.53535353535344,220.20202020202015,0.06,0.10648578568354064,16,False
356.060606060606,411.6161616161615,0.06,-116.16161616161617,106.06060606060605,0.2,-0.006234157368780044,11,False
-313.13131313131316,-202.02020202020205,0.1,184.34343434343427,462.121212121212,0.24,0.0357200764920843,11,False
-290.9090909090909,-224.24242424242428,0.06,-392.4242424242424,-314.64646464646466,0.08,0.17987457301452198,2,False
-214.64646464646466,-47.97979797979802,0.14,-380.3030303030303,-346.969696969697,0.02,0.0022088210118600795,2,False
335.85858585858585,391.41414141414134,0.06,184.34343434343427,462.121212121212,0.24,0.0007082398781756361,12,False
258.0808080808081,469.1919191919192,0.2,30.808080808080785,130.80808080808075,0.1,0.005622484316525949,8,False
-216.1616161616162,-16.1616161616162,0.16,377.7777777777778,399.9999999999999,0.02,0.0063291476420796015,4,False
205.55555555555551,238.8888888888888,0.02,-8.080808080808112,58.58585858585857,0.06,0.03901137245534565,3,False
-410.6060606060606,-377.2727272727273,0.02,251.51515151515144,384.8484848484849,0.12,0.0006904407294421037,2,False
-465.6565656565657,-332.32323232323233,0.14,-55.050505050505095,156.060606060606,0.2,9.62516080308622e-05,14,False
353.53535353535347,464.6464646464647,0.1,-350.5050505050505,-306.0606060606061,0.06,-0.028263212501494828,5,False
-474.7474747474747,-363.6363636363636,0.12,-163.63636363636365,-8.080808080808115,0.12,0.0013391926747929567,8,False
-111.11111111111109,222.22222222222217,0.24,314.1414141414141,403.03030303030295,0.08,0.0062194136520707065,12,False
-294.44444444444446,-150.00000000000003,0.12,124.7474747474747,158.08080808080797,0.04,-0.046305604608638445,4,False
88.88888888888887,244.44444444444437,0.1,-167.17171717171718,66.16161616161614,0.2,0.007776241950114943,17,False
-293.4343434343434,-171.21212121212127,0.1,112.12121212121211,201.01010101010093,0.1,-0.007462769221688019,5,False
-487.8787878787879,-310.1010101010101,0.2,29.797979797979774,152.02020202020196,0.12,3.490701088875919e-05,11,False
-414.14141414141415,-303.0303030303031,0.12,-76.76767676767682,167.67676767676758,0.24,0.0005361278455909731,17,False
132.82828282828285,210.60606060606054,0.04,-311.61616161616166,-233.8383838383839,0.06,-0.028446353643729824,2,False
-70.20202020202025,252.02020202020194,0.22,-399.4949494949495,-166.16161616161622,0.22,-0.01613159765871787,22,False
406.5656565656564,462.1212121212122,0.04,394.44444444444434,494.4444444444443,0.08,,0,False
252.52525252525245,363.6363636363636,0.12,428.2828282828282,450.50505050505035,0.02,3.135727082705484e-06,2,False
172.22222222222214,272.22222222222223,0.08,-246.969696969697,-35.8585858585859,0.18,-0.04619041643863676,9,False
294.44444444444434,372.2222222222221,0.08,66.66666666666666,266.6666666666666,0.2,0.01671622398348086,5,False
-230.80808080808083,-153.03030303030306,0.06,5.050505050505025,227.27272727272722,0.22,-0.03517875267079699,9,False
-70.20202020202025,252.02020202020194,0.22,351.5151515151515,507.07070707070704,0.14,0.0005609552452831923,21,False
-8.585858585858613,69.19191919191913,0.06,-184.8484848484849,-7.070707070707105,0.14,-0.000995678734052629,3,False
405.55555555555543,483.3333333333332,0.06,-282.3232323232324,-182.32323232323233,0.08,-0.026308037538647785,9,False
-31.313131313131354,102.020202020202,0.1,33.33333333333331,77.77777777777777,0.04,-0.011459694716382626,2,False
2.5252525252524975,280.3030303030303,0.2,189.39393939393932,356.06060606060595,0.14,0.038718904242552664,20,False
-39.89898989898994,282.32323232323233,0.24,-18.68686868686872,59.09090909090907,0.08,0.014893272027216537,15,False
-419.1919191919192,-196.969696969697,0.22,162.1212121212121,262.12121212121207,0.08,0.02776900708393173,13,False
-72.22222222222227,72.22222222222216,0.12,233.33333333333326,322.2222222222222,0.08,0.00827592320683728,4,False
-212.12121212121215,-101.01010101010101,0.08,122.72727272727268,200.5050505050504,0.08,-0.06277840326946604,8,False
196.9696969696969,419.19191919191906,0.22,-16.16161616161619,228.28282828282823,0.24,0.028716753054755857,31,False
-74.7474747474748,125.25252525252525,0.16,355.050505050505,432.8282828282827,0.06,0.0016187830717429145,4,False
-291.9191919191919,-203.03030303030306,0.08,428.2828282828282,450.50505050505035,0.02,,0,False
-297.47474747474746,-86.36363636363635,0.18,-288.38383838383845,-55.050505050505095,0.2,0.022632955128936302,20,False
131.31313131313132,242.42424242424235,0.06,152.52525252525243,241.41414141414134,0.08,0.24211549423812304,5,False
437.37373737373736,481.8181818181817,0.04,-54.040404040404084,134.8484848484848,0.18,,0,False
203.03030303030297,291.9191919191919,0.08,-327.27272727272725,-127.27272727272728,0.18,-0.09704142897237497,10,False
196.9696969696969,419.19191919191906,0.22,-198.98989898989902,67.67676767676765,0.24,-0.016535559632812138,33,False
-442.9292929292929,-365.1515151515151,0.08,-484.8484848484848,-373.7373737373738,0.1,0.01803445308320945,5,False
-385.3535353535354,-240.90909090909096,0.16,-17.67676767676771,37.878787878787854,0.06,-0.0010307357736034951,2,False
62.121212121212054,139.89898989898992,0.06,-284.8484848484849,-129.2929292929293,0.14,-0.0009730309705678203,2,False
236.3636363636363,258.58585858585855,0.02,-15.151515151515179,207.070707070707,0.22,0.07075170896918308,6,False
-342.92929292929296,-242.92929292929298,0.1,235.35353535353528,279.7979797979797,0.04,0.04551679162557535,3,False
-58.080808080808126,-2.5252525252525544,0.04,-218.18181818181822,26.262626262626238,0.22,-0.02631089840444499,8,False
-118.18181818181819,148.4848484848485,0.22,-185.3535353535354,3.535353535353506,0.16,-0.011190496808871074,22,False
-293.4343434343434,-171.21212121212127,0.1,114.64646464646464,147.97979797979792,0.04,-0.06382349092699585,1,False
-341.9191919191919,-264.14141414141415,0.08,113.63636363636363,169.19191919191914,0.08,0.00855684716607555,3,False
-475.25252525252523,-353.03030303030306,0.14,-70.70707070707076,40.40404040404038,0.1,5.2965669073418236e-05,7,False
-63.13131313131318,103.53535353535352,0.12,-92.92929292929298,62.62626262626261,0.14,-0.02286884606402502,15,False
106.06060606060605,328.28282828282823,0.18,89.89898989898988,223.23232323232318,0.14,0.15100916016461655,17,False
-425.75757575757575,-281.3131313131313,0.16,-335.35353535353545,-179.79797979797982,0.14,0.11623541395481163,16,False
-372.7272727272727,-283.83838383838383,0.1,-266.1616161616162,-77.27272727272732,0.16,0.04816832910482083,13,False
86.36363636363635,297.47474747474746,0.16,229.29292929292922,407.070707070707,0.16,0.040922686278461344,12,False
-298.98989898989896,-54.5454545454546,0.2,161.1111111111111,283.3333333333332,0.1,0.016042017188222183,14,False
-362.1212121212121,-284.34343434343435,0.08,426.7676767676766,482.3232323232322,0.04,0.00022877398947163507,2,False
364.14141414141403,464.1414141414142,0.08,343.43434343434336,454.5454545454544,0.1,5.853561864970647e-06,6,False
256.060606060606,289.3939393939394,0.04,-284.8484848484849,-129.2929292929293,0.14,-0.11359778266318671,6,False
38.888888888888815,183.33333333333326,0.1,251.51515151515144,384.8484848484849,0.12,0.023600660324068906,12,False
265.1515151515151,320.70707070707067,0.06,-358.0808080808081,-146.969696969697,0.2,-0.11571469842159836,9,False
-109.59595959595958,190.40404040404033,0.22,288.8888888888888,488.88888888888874,0.16,0.00574202783468221,30,False
-446.96969696969694,-280.3030303030303,0.18,-73.73737373737379,104.04040404040403,0.16,-0.0003482817685710213,12,False
-80.80808080808086,252.52525252525245,0.24,312.6262626262626,434.8484848484847,0.1,0.003792066182830857,14,False
-161.11111111111111,-61.11111111111116,0.08,-186.3636363636364,24.747474747474723,0.18,-0.026724447318700537,9,False
-270.70707070707067,-204.04040404040407,0.06,-452.020202020202,-174.24242424242428,0.24,0.05300579647705791,12,False
-375.7575757575757,-220.20202020202024,0.16,206.56565656565652,439.8989898989898,0.2,0.018794036199263547,19,False
294.44444444444434,372.2222222222221,0.08,-22.222222222222257,133.3333333333333,0.16,0.0013238910739324498,5,False
-188.88888888888894,77.77777777777771,0.22,375.2525252525253,453.0303030303029,0.06,0.003672940771608766,8,False
-74.7474747474748,125.25252525252525,0.16,-7.070707070707101,37.37373737373735,0.04,-0.007993329523005676,7,False
-161.61616161616163,-50.50505050505055,0.1,-482.8282828282828,-416.16161616161617,0.06,0.0058779939705800475,4,False
-299.4949494949495,-43.93939393939399,0.22,71.71717171717171,160.6060606060605,0.1,-0.11295436568331554,15,False
-29.797979797979835,70.20202020202014,0.08,-318.18181818181824,-95.95959595959596,0.18,-5.8315975017226306e-05,5,False
-219.69696969696972,58.080808080808005,0.22,-463.6363636363637,-374.74747474747477,0.08,0.018657484871778148,12,False
232.32323232323225,343.4343434343435,0.12,316.66666666666663,349.9999999999999,0.02,,0,False
-100.50505050505049,-0.5050505050505372,0.08,-284.8484848484849,-129.2929292929293,0.14,0.00041960041977373385,6,False
363.13131313131305,485.3535353535352,0.1,-319.1919191919192,-74.7474747474748,0.2,-0.03750607232942509,16,False
-280.8080808080808,8.08080808080805,0.24,447.97979797979787,481.3131313131312,0.02,0.00013256006396753693,4,False
266.16161616161617,299.49494949494937,0.04,-330.8080808080809,-275.2525252525253,0.06,-0.08972200052458773,3,False
38.888888888888815,183.33333333333326,0.1,-144.94949494949495,43.939393939393916,0.16,0.010320326309465092,10,False
-167.6767676767677,76.7676767676767,0.2,-466.1616161616162,-321.71717171717177,0.12,0.004860559835970209,12,False
-378.28282828282823,-167.17171717171723,0.2,5.050505050505025,227.27272727272722,0.22,-0.006640303107706151,22,False
83.83838383838382,350.5050505050505,0.22,-282.3232323232324,-182.32323232323233,0.08,-0.09342074913993237,13,False
-373.7373737373737,-262.62626262626264,0.12,66.66666666666666,266.6666666666666,0.2,0.006047444506367,12,False
-288.8888888888889,-266.66666666666663,0.02,-350.5050505050505,-306.0606060606061,0.06,0.24167280900746457,1,False
-145.45454545454547,54.54545454545447,0.16,272.7272727272726,383.8383838383839,0.1,0.009224400264943238,11,False
-424.7474747474747,-302.5252525252526,0.14,-95.95959595959602,126.26262626262626,0.2,0.0002308410449642137,17,False
-212.62626262626267,-90.40404040404039,0.1,4.040404040404017,248.4848484848484,0.24,-0.08967607843986229,15,False
-440.9090909090909,-407.5757575757576,0.04,-491.9191919191919,-225.2525252525253,0.24,0.029693525311713376,10,False
-477.77777777777777,-300.00000000000006,0.2,-390.9090909090909,-346.4646464646465,0.04,0.024308863465312008,6,False
-379.2929292929293,-145.959595959596,0.22,252.52525252525245,363.6363636363636,0.1,0.03971901007787767,9,False
-142.92929292929293,1.5151515151514845,0.12,-329.29292929292933,-307.07070707070716,0.04,0.008961988489063478,2,False
-97.97979797979797,-53.53535353535358,0.04,119.69696969696965,264.1414141414141,0.14,-0.07918686391074536,3,False
266.66666666666663,288.8888888888889,0.02,-484.34343434343435,-384.3434343434343,0.08,-0.001507451221268845,5,False
-233.33333333333337,-100.0,0.1,51.01010101010099,151.01010101010095,0.1,-0.1390007423878133,7,False
-371.21212121212125,-93.43434343434343,0.24,-261.11111111111114,-183.33333333333337,0.06,0.05867465522682,11,False
-143.93939393939394,22.7272727272727,0.14,-392.4242424242424,-314.64646464646466,0.08,0.002545996617108746,4,False
366.6666666666666,411.111111111111,0.04,-469.69696969696975,-247.47474747474752,0.2,-0.032317668109929754,5,False
32.82828282828276,310.6060606060605,0.22,346.9696969696969,380.3030303030303,0.04,0.001954571494970623,4,False
331.31313131313135,486.8686868686867,0.14,-326.26262626262627,-148.4848484848485,0.16,-0.0517914551708957,19,False
103.53535353535352,381.31313131313124,0.24,89.89898989898988,223.23232323232318,0.14,0.14300416983231296,18,False
-310.10101010101016,-265.65656565656565,0.04,-332.8282828282829,-232.82828282828285,0.1,0.2400806231608755,2,False
-190.40404040404044,109.59595959595958,0.24,-147.97979797979798,107.57575757575756,0.22,-0.0538636053322867,42,False
-339.3939393939394,-317.1717171717172,0.02,-391.91919191919186,-325.25252525252534,0.06,,0,False
247.4747474747474,469.69696969696975,0.22,65.65656565656565,287.87878787878776,0.22,0.018587941423035433,22,False
-254.5454545454546,-98.98989898989899,0.12,-137.87878787878788,-104.54545454545455,0.02,0.0013866704889130006,1,False
-108.08080808080808,-63.63636363636368,0.04,-314.1414141414142,-180.80808080808083,0.1,0.002915384887438894,1,False
-113.63636363636364,53.03030303030295,0.14,-243.939393939394,-99.4949494949495,0.12,0.00031419082574657913,6,False
-71.21212121212126,51.01010101010094,0.1,-244.94949494949498,-78.28282828282833,0.14,-0.001188406280955992,7,False
263.1313131313131,363.1313131313131,0.1,-387.3737373737374,-198.48484848484853,0.16,-0.09081850551661742,15,False
-378.28282828282823,-167.17171717171723,0.2,-50.50505050505055,60.60606060606059,0.1,-0.015665237501671345,9,False
172.72727272727266,261.61616161616155,0.06,32.3232323232323,98.98989898989898,0.06,0.08395255270973678,6,False
5.5555555555555305,216.6666666666666,0.14,-215.15151515151518,-37.37373737373741,0.16,-0.004207200535955506,12,False
-97.47474747474746,-64.14141414141419,0.02,86.86868686868686,286.8686868686867,0.2,-0.1193000681401971,3,False
-107.57575757575756,147.97979797979798,0.2,293.9393939393938,382.82828282828285,0.08,0.010049125887253223,17,False
-268.68686868686865,-246.4646464646465,0.02,-73.73737373737379,104.04040404040403,0.16,-0.0031899020580841327,1,False
82.82828282828281,371.71717171717165,0.24,-188.38383838383845,67.17171717171715,0.22,-0.007867702494138049,40,False
-33.33333333333337,144.44444444444446,0.14,-282.82828282828285,-171.71717171717177,0.1,-0.00013564982563016157,4,False
358.080808080808,369.1919191919191,0.02,24.24242424242422,268.6868686868686,0.24,0.0008607382800304544,2,False
-485.35353535353534,-363.1313131313131,0.14,117.67676767676762,306.56565656565647,0.18,0.0004912535376885103,12,False
-233.33333333333337,-100.0,0.1,13.131313131313105,57.57575757575756,0.04,-0.10376850571336463,2,False
128.2828282828283,306.06060606060595,0.14,346.9696969696969,380.3030303030303,0.04,0.002262367320844041,2,False
-97.97979797979797,-53.53535353535358,0.04,-395.45454545454544,-251.01010101010107,0.14,0.003389975483635404,3,False
-268.68686868686865,-246.4646464646465,0.02,-394.4444444444444,-272.2222222222223,0.12,,0,False
38.888888888888815,183.33333333333326,0.1,27.272727272727252,205.05050505050497,0.18,0.1755790409978372,9,False
62.121212121212054,139.89898989898992,0.06,347.97979797979787,359.09090909090907,0.02,,0,False
-482.8282828282828,-416.16161616161617,0.08,229.29292929292922,407.070707070707,0.16,5.421830152083781e-05,12,False
4.040404040404017,248.4848484848484,0.16,49.99999999999998,172.22222222222217,0.14,0.15862950386416638,16,False
281.8181818181818,415.151515151515,0.14,-49.49494949494954,39.39393939393937,0.08,-0.00044697165036323825,5,False
-67.17171717171722,188.3838383838383,0.18,-482.8282828282828,-416.16161616161617,0.06,3.5072819182120655e-05,6,False
-478.78787878787875,-278.7878787878788,0.22,-360.6060606060606,-93.93939393939394,0.24,0.06920227178974533,34,False
317.1717171717171,339.39393939393943,0.02,-443.93939393939394,-343.93939393939394,0.08,-0.002818483606368324,1,False
-109.59595959595958,190.40404040404033,0.22,-161.11111111111111,-61.11111111111116,0.08,-0.00297268100390825,14,False
104.04040404040403,370.70707070707067,0.22,-250.00000000000003,27.777777777777754,0.24,-0.03802512051486094,35,False
-367.67676767676767,-167.67676767676772,0.18,212.12121212121207,323.23232323232315,0.1,0.044198344224253,13,False
314.6464646464646,392.4242424242423,0.08,447.47474747474735,491.91919191919175,0.04,1.1027737418125693e-07,1,False
278.2828282828283,489.39393939393926,0.2,-142.92929292929293,1.5151515151514845,0.12,-0.020803578477614576,8,False
-419.1919191919192,-196.969696969697,0.22,-111.11111111111111,-3.108624468950438e-14,0.1,-0.0030742657508747214,12,False
367.67676767676755,389.89898989898984,0.02,195.95959595959587,218.18181818181813,0.02,,0,False
-273.2323232323232,-151.01010101010104,0.1,340.9090909090908,507.57575757575756,0.16,0.008403555922978785,5,False
-170.2020202020202,129.7979797979798,0.24,-157.5757575757576,-135.35353535353536,0.02,-0.00023627738644303682,4,False
-440.4040404040404,-418.18181818181813,0.02,24.24242424242422,268.6868686868686,0.24,0.00016974333967477746,3,False
384.34343434343424,484.34343434343424,0.08,212.12121212121207,323.23232323232315,0.1,3.9072281988050424e-05,6,False
-330.80808080808083,-53.03030303030308,0.24,164.14141414141412,219.69696969696963,0.04,-0.015575486355679475,8,False
-105.55555555555554,105.55555555555554,0.16,73.73737373737373,118.18181818181817,0.04,-0.15133948782808224,5,False
60.10101010101003,182.32323232323225,0.08,9.59595959595957,131.81818181818176,0.12,0.10396634068049168,5,False
-313.13131313131316,-202.02020202020205,0.1,-445.95959595959596,-301.51515151515156,0.14,0.1111273220370553,10,False
-463.6363636363637,-374.74747474747477,0.08,93.43434343434342,148.98989898989893,0.06,0.0001964550265861302,5,False
-386.3636363636364,-219.69696969696975,0.18,25.25252525252523,247.4747474747474,0.22,0.004538509014068602,20,False
-368.6868686868687,-146.46464646464648,0.2,340.9090909090908,507.57575757575756,0.16,0.004102432888704823,19,False
-64.14141414141419,124.74747474747474,0.14,355.050505050505,432.8282828282827,0.06,0.0016187830717429145,4,False
199.49494949494945,366.1616161616161,0.16,94.94949494949493,117.17171717171716,0.02,0.0369499440630748,1,False
33.33333333333326,300.0,0.2,351.5151515151515,507.07070707070704,0.14,0.00048727463143491634,14,False
-440.4040404040404,-418.18181818181813,0.02,-217.1717171717172,5.050505050505022,0.2,0.0009172711830762039,1,False
-254.5454545454546,-98.98989898989899,0.12,-445.95959595959596,-301.51515151515156,0.14,0.042528405741985,10,False
-58.080808080808126,-2.5252525252525544,0.04,-143.93939393939394,22.7272727272727,0.14,-0.030012330813312362,7,False
-344.949494949495,-200.50505050505055,0.14,30.808080808080785,130.80808080808075,0.1,-0.012893480957499927,8,False
5.5555555555555305,216.6666666666666,0.14,-108.08080808080808,-63.63636363636368,0.04,-0.0014253592240820465,6,False
-361.11111111111114,-305.5555555555556,0.06,-19.69696969696973,80.3030303030303,0.1,-0.0009203640427466716,3,False
-440.4040404040404,-418.18181818181813,0.02,-319.1919191919192,-74.7474747474748,0.2,0.02106054236838167,3,False
54.545454545454476,298.98989898989896,0.18,-243.939393939394,-99.4949494949495,0.12,-0.05400380714750688,15,False
-343.93939393939394,-221.71717171717177,0.12,-315.6565656565657,-148.98989898989902,0.14,0.07046954645222538,11,False
-422.2222222222222,-355.5555555555556,0.08,479.29292929292916,490.40404040404024,0.02,7.965100021869164e-06,1,False
-450.0,-216.6666666666667,0.24,245.9595959595959,501.51515151515133,0.22,0.007062327901082717,30,False
-327.27272727272725,-127.27272727272728,0.18,-20.70707070707074,101.5151515151515,0.12,-0.03672062347977807,13,False
-424.7474747474747,-302.5252525252526,0.14,-278.78787878787887,-256.5656565656566,0.02,0.04598734889298337,1,False
-297.47474747474746,-86.36363636363635,0.18,-7.070707070707101,37.37373737373735,0.04,-0.06960865164212358,6,False
-39.89898989898994,282.32323232323233,0.24,-331.81818181818187,-254.0404040404041,0.08,-0.03481715930335301,10,False
-260.6060606060606,28.28282828282826,0.24,-184.8484848484849,-7.070707070707105,0.14,-0.009012370777066027,23,False
-469.1919191919192,-258.0808080808081,0.22,-486.3636363636364,-341.9191919191919,0.12,0.042222430107752465,21,False
-362.1212121212121,-284.34343434343435,0.08,-16.16161616161619,228.28282828282823,0.24,0.0031602539656569043,10,False
-485.35353535353534,-363.1313131313131,0.14,29.797979797979774,152.02020202020196,0.12,0.00016223099660552914,9,False
366.6666666666666,411.111111111111,0.04,357.5757575757575,379.79797979797985,0.02,,0,False
-480.3030303030303,-469.19191919191917,0.02,-244.94949494949498,-78.28282828282833,0.14,0.00023297782741153516,1,False
-343.93939393939394,-221.71717171717177,0.12,-490.9090909090909,-246.4646464646465,0.22,0.09121200600663373,15,False
-484.8484848484848,-373.7373737373738,0.12,-282.82828282828285,-171.71717171717177,0.1,0.030910587947846756,2,False
-279.7979797979798,-13.131313131313172,0.22,-270.20202020202026,7.575757575757548,0.24,-0.004100923202767226,37,False
-343.93939393939394,-221.71717171717177,0.12,309.090909090909,509.0909090909091,0.18,0.0024551065534188553,10,False
287.87878787878776,510.1010101010101,0.2,189.39393939393932,356.06060606060595,0.14,0.002704047161949802,17,False
-164.14141414141415,2.525252525252495,0.14,-350.0,-316.6666666666667,0.04,0.005752284427186051,1,False
251.01010101010095,395.4545454545454,0.16,-140.9090909090909,-40.90909090909095,0.08,-0.02443271044784489,7,False
-70.20202020202025,252.02020202020194,0.22,-195.45454545454547,-6.5656565656565995,0.16,-0.011139684155598038,24,False
4.040404040404017,248.4848484848484,0.16,-11.111111111111143,122.22222222222221,0.12,0.07707032853249902,16,False
40.909090909090835,140.90909090909093,0.08,225.25252525252517,491.9191919191918,0.22,0.023594725136194577,14,False
-425.75757575757575,-281.3131313131313,0.16,45.45454545454544,267.6767676767676,0.22,0.0038781554512531576,17,False
280.3030303030303,446.96969696969694,0.16,269.19191919191906,458.08080808080797,0.16,0.00044500917192776186,18,False
436.3636363636364,503.030303030303,0.06,-487.8787878787879,-310.1010101010101,0.16,-0.0013634634989474676,8,False
-482.8282828282828,-416.16161616161617,0.08,230.30303030303023,385.8585858585859,0.14,6.99982265354155e-05,9,False
-57.070707070707115,-23.737373737373776,0.02,-241.41414141414145,-152.52525252525254,0.08,0.00012976586408562863,1,False
-442.4242424242424,-375.7575757575758,0.06,-97.47474747474753,158.08080808080803,0.24,0.00015568164081671012,11,False
-214.14141414141417,-58.58585858585863,0.12,-241.41414141414145,-152.52525252525254,0.08,0.005758620940131007,4,False
5.5555555555555305,216.6666666666666,0.14,-107.07070707070707,-84.8484848484849,0.02,-0.0014253592240820465,6,False
-106.56565656565655,126.76767676767676,0.18,-183.33333333333337,-38.88888888888893,0.12,-0.005688528307327888,15,False
-180.30303030303037,-102.52525252525253,0.06,-139.8989898989899,-62.12121212121217,0.06,0.0013866704889130006,1,False
-320.7070707070708,-42.92929292929297,0.24,246.4646464646464,490.90909090909076,0.2,0.022584370616891173,30,False
228.78787878787873,417.67676767676755,0.2,-197.979797979798,46.46464646464644,0.22,-0.026598282244074678,25,False
-474.7474747474747,-363.6363636363636,0.12,121.71717171717167,221.71717171717165,0.1,0.0005907713754328935,6,False
-341.9191919191919,-264.14141414141415,0.08,-320.20202020202026,-53.53535353535358,0.22,0.05134388144850237,15,False
257.070707070707,268.1818181818182,0.02,352.02020202020196,496.4646464646463,0.12,,0,False
287.87878787878776,510.1010101010101,0.2,4.040404040404017,248.4848484848484,0.24,0.005540030301908608,31,False
-73.73737373737379,104.04040404040403,0.14,114.14141414141413,158.5858585858585,0.06,0.026460567236789446,4,False
258.0808080808081,469.1919191919192,0.2,-445.45454545454544,-312.1212121212121,0.12,-0.00981848461253543,12,False
357.07070707070704,390.4040404040403,0.04,-465.1515151515152,-342.92929292929296,0.1,-0.002254103707536533,1,False
204.5454545454545,260.10101010101005,0.04,5.050505050505025,227.27272727272722,0.22,0.07331655222219174,8,False
-447.979797979798,-259.09090909090907,0.2,-443.93939393939394,-343.93939393939394,0.08,0.07482887560524187,9,False
251.01010101010095,395.4545454545454,0.16,-209.59595959595964,-154.04040404040404,0.06,-0.11533976456765169,7,False
173.73737373737367,240.40404040404033,0.04,489.3939393939392,500.5050505050505,0.02,,0,False
-17.171717171717198,249.49494949494942,0.18,245.45454545454538,512.1212121212121,0.24,0.014039240044507212,32,False
280.3030303030303,446.96969696969694,0.16,190.90909090909082,324.2424242424242,0.12,0.0032804066808454677,14,False
-101.5151515151515,20.707070707070677,0.1,351.5151515151515,507.07070707070704,0.14,0.0010902658058212964,9,False
3.0303030303030063,269.69696969696963,0.18,-107.07070707070707,-84.8484848484849,0.02,-0.0014253592240820465,6,False
-468.18181818181824,-279.2929292929293,0.2,-112.12121212121212,21.212121212121186,0.12,0.000468039859483502,13,False
-252.02020202020208,-152.02020202020202,0.08,-311.61616161616166,-233.8383838383839,0.06,0.07152432811855247,2,False
172.22222222222214,272.22222222222223,0.08,-480.8080808080808,-458.58585858585866,0.02,-6.0913060131610355e-05,1,False
170.70707070707064,304.0404040404039,0.12,-15.151515151515179,207.070707070707,0.22,0.10272048803988562,19,False
-424.7474747474747,-302.5252525252526,0.14,-147.97979797979798,107.57575757575756,0.22,0.0012452845658740407,16,False
-371.21212121212125,-93.43434343434343,0.24,14.141414141414115,36.36363636363634,0.02,-0.08559849795714193,3,False
311.11111111111103,466.66666666666674,0.14,-321.2121212121212,-254.5454545454546,0.06,-0.050587594401886066,9,False
175.25252525252517,208.58585858585855,0.02,-6.060606060606091,16.161616161616138,0.02,0.019051426962905,1,False
167.6767676767676,367.6767676767676,0.18,352.5252525252525,485.85858585858574,0.1,0.0001853697082917241,13,False
127.27272727272728,327.2727272727272,0.16,-326.26262626262627,-148.4848484848485,0.16,-0.07287720624133368,20,False
-416.16161616161617,-260.6060606060606,0.16,-142.42424242424244,-9.090909090909125,0.1,0.0007469676835547133,8,False
-212.12121212121215,-101.01010101010101,0.08,-391.91919191919186,-325.25252525252534,0.06,0.017096529102680124,1,False
-238.38383838383842,6.060606060606032,0.2,292.92929292929284,404.0404040404039,0.1,0.01590426837909282,14,False
